Config,R_ohm_km_,IMax_A_,Seccion_mm2_
1,2.72e-05,185,70
2,2.72e-05,185,70
3,2.72e-05,185,70
4,2.72e-05,185,70
5,2.72e-05,185,70
6,2.72e-05,185,70
7,7.8e-05,100,25
8,7.8e-05,100,25
9,0.000191,53,10
10,0.000191,53,10
11,0.000191,53,10
12,0.000191,53,10
