Config,R_ohm_km_,IMax_A_,Seccion_mm2_
1,0.000272,185,70
2,0.000272,185,70
3,0.000272,185,70
4,0.000272,185,70
5,0.000272,185,70
6,0.000272,185,70
7,0.00078,100,25
8,0.00078,100,25
9,0.00191,53,10
10,0.00191,53,10
11,0.00191,53,10
12,0.00191,53,10
